,next_token_entropy,top1_probability,attention_entropy,attention_top1,attention_top3,attention_top5,parallel_agreement
next_token_entropy,1.000000,-0.918971,0.087416,-0.161105,-0.067979,-0.029135,-0.433792
top1_probability,-0.918971,1.000000,-0.107909,0.162456,0.092992,0.055411,0.486425
attention_entropy,0.087416,-0.107909,1.000000,-0.889827,-0.986530,-0.967560,-0.082355
attention_top1,-0.161105,0.162456,-0.889827,1.000000,0.863935,0.766866,0.108971
attention_top3,-0.067979,0.092992,-0.986530,0.863935,1.000000,0.980192,0.071888
attention_top5,-0.029135,0.055411,-0.967560,0.766866,0.980192,1.000000,0.046892
parallel_agreement,-0.433792,0.486425,-0.082355,0.108971,0.071888,0.046892,1.000000
