{
  "cv_auroc_mean": 0.7448581560283689,
  "cv_auroc_std": 0.08390178833020065,
  "dataset": "wikitext",
  "hidden_dim": 768,
  "layer": 9,
  "mlp_dim": 32,
  "model_size": "160m",
  "n_train": 201,
  "n_val": 50,
  "parameter_count": 26689,
  "step": 143000,
  "val_auroc": 0.6099290780141844
}