{
  "cv_auroc_mean": 0.48457446808510635,
  "cv_auroc_std": 0.24008663535321495,
  "dataset": "wikitext",
  "hidden_dim": 768,
  "layer": 3,
  "mlp_dim": 32,
  "model_size": "160m",
  "n_train": 201,
  "n_val": 50,
  "parameter_count": 26689,
  "step": 143000,
  "val_auroc": 0.9078014184397163
}