{
  "cv_auroc_mean": 0.5719562647754137,
  "cv_auroc_std": 0.12568776693334638,
  "dataset": "wikitext",
  "hidden_dim": 768,
  "layer": 2,
  "mlp_dim": 32,
  "model_size": "160m",
  "n_train": 201,
  "n_val": 50,
  "parameter_count": 26689,
  "step": 143000,
  "val_auroc": 0.624113475177305
}