{
  "cv_auroc_mean": 0.5442671394799055,
  "cv_auroc_std": 0.14816024567913097,
  "dataset": "wikitext",
  "hidden_dim": 768,
  "layer": 5,
  "mlp_dim": 32,
  "model_size": "160m",
  "n_train": 201,
  "n_val": 50,
  "parameter_count": 26689,
  "step": 143000,
  "val_auroc": 0.900709219858156
}