{
  "cv_auroc_mean": 0.7029255319148937,
  "cv_auroc_std": 0.1903632008345633,
  "dataset": "wikitext",
  "hidden_dim": 768,
  "layer": 10,
  "mlp_dim": 32,
  "model_size": "160m",
  "n_train": 201,
  "n_val": 50,
  "parameter_count": 26689,
  "step": 143000,
  "val_auroc": 0.6312056737588652
}