{
  "cv_auroc_mean": 0.5002659574468085,
  "cv_auroc_std": 0.1921620212014689,
  "dataset": "wikitext",
  "hidden_dim": 768,
  "layer": 6,
  "mlp_dim": 32,
  "model_size": "160m",
  "n_train": 201,
  "n_val": 50,
  "parameter_count": 26689,
  "step": 143000,
  "val_auroc": 0.6808510638297872
}