{
  "cv_auroc_mean": 0.741725768321513,
  "cv_auroc_std": 0.09237874135911012,
  "dataset": "wikitext",
  "hidden_dim": 768,
  "layer": 8,
  "mlp_dim": 32,
  "model_size": "160m",
  "n_train": 201,
  "n_val": 50,
  "parameter_count": 26689,
  "step": 143000,
  "val_auroc": 0.6950354609929078
}