{
  "cv_auroc_mean": 0.8505286195286195,
  "cv_auroc_std": 0.058798830749238404,
  "dataset": "wikitext",
  "hidden_dim": 1024,
  "layer": 15,
  "mlp_dim": 32,
  "model_size": "410m",
  "n_train": 201,
  "n_val": 50,
  "parameter_count": 35393,
  "step": 143000,
  "val_auroc": 0.9734848484848485
}