{
  "cv_auroc_mean": 0.8390875420875421,
  "cv_auroc_std": 0.053691672337947416,
  "dataset": "wikitext",
  "hidden_dim": 1024,
  "layer": 14,
  "mlp_dim": 32,
  "model_size": "410m",
  "n_train": 201,
  "n_val": 50,
  "parameter_count": 35393,
  "step": 143000,
  "val_auroc": 0.9734848484848485
}