{
  "cv_auroc_mean": 0.7658047138047138,
  "cv_auroc_std": 0.1098914125391661,
  "dataset": "wikitext",
  "hidden_dim": 1024,
  "layer": 5,
  "mlp_dim": 32,
  "model_size": "410m",
  "n_train": 201,
  "n_val": 50,
  "parameter_count": 35393,
  "step": 143000,
  "val_auroc": 0.9772727272727273
}