{
  "cv_auroc_mean": 0.7117037037037037,
  "cv_auroc_std": 0.1752110151145725,
  "dataset": "wikitext",
  "hidden_dim": 1024,
  "layer": 3,
  "mlp_dim": 32,
  "model_size": "410m",
  "n_train": 201,
  "n_val": 50,
  "parameter_count": 35393,
  "step": 143000,
  "val_auroc": 0.9318181818181819
}