{
  "cv_auroc_mean": 0.7691885521885521,
  "cv_auroc_std": 0.09318435961118382,
  "dataset": "wikitext",
  "hidden_dim": 1024,
  "layer": 23,
  "mlp_dim": 32,
  "model_size": "410m",
  "n_train": 201,
  "n_val": 50,
  "parameter_count": 35393,
  "step": 143000,
  "val_auroc": 0.9659090909090909
}