{
  "cv_auroc_mean": 0.8570336700336701,
  "cv_auroc_std": 0.058473060265123895,
  "dataset": "wikitext",
  "hidden_dim": 1024,
  "layer": 12,
  "mlp_dim": 32,
  "model_size": "410m",
  "n_train": 201,
  "n_val": 50,
  "parameter_count": 35393,
  "step": 143000,
  "val_auroc": 0.9848484848484849
}