{
  "cv_auroc_mean": 0.7949191919191919,
  "cv_auroc_std": 0.0436994913743034,
  "dataset": "wikitext",
  "hidden_dim": 1024,
  "layer": 17,
  "mlp_dim": 32,
  "model_size": "410m",
  "n_train": 201,
  "n_val": 50,
  "parameter_count": 35393,
  "step": 143000,
  "val_auroc": 0.9696969696969697
}