{
  "cv_auroc_mean": 0.7945892255892255,
  "cv_auroc_std": 0.10231157599993874,
  "dataset": "wikitext",
  "hidden_dim": 1024,
  "layer": 7,
  "mlp_dim": 32,
  "model_size": "410m",
  "n_train": 201,
  "n_val": 50,
  "parameter_count": 35393,
  "step": 143000,
  "val_auroc": 0.9734848484848485
}