{
  "cv_auroc_mean": 0.8405016835016834,
  "cv_auroc_std": 0.06621739785720566,
  "dataset": "wikitext",
  "hidden_dim": 1024,
  "layer": 11,
  "mlp_dim": 32,
  "model_size": "410m",
  "n_train": 201,
  "n_val": 50,
  "parameter_count": 35393,
  "step": 143000,
  "val_auroc": 0.9810606060606061
}