{
  "cv_auroc_mean": 0.7056835016835017,
  "cv_auroc_std": 0.1271491136291093,
  "dataset": "wikitext",
  "hidden_dim": 1024,
  "layer": 2,
  "mlp_dim": 32,
  "model_size": "410m",
  "n_train": 201,
  "n_val": 50,
  "parameter_count": 35393,
  "step": 143000,
  "val_auroc": 0.9015151515151514
}