{
  "cv_auroc_mean": 0.7770833333333333,
  "cv_auroc_std": 0.19146275384813388,
  "dataset": "wikitext",
  "hidden_dim": 512,
  "layer": 5,
  "mlp_dim": 32,
  "model_size": "70m",
  "n_train": 201,
  "n_val": 50,
  "parameter_count": 17985,
  "step": 143000,
  "val_auroc": 0.9791666666666667
}