{
  "cv_auroc_mean": 0.8083333333333332,
  "cv_auroc_std": 0.16064648040547505,
  "dataset": "wikitext",
  "hidden_dim": 512,
  "layer": 0,
  "mlp_dim": 32,
  "model_size": "70m",
  "n_train": 201,
  "n_val": 50,
  "parameter_count": 17985,
  "step": 143000,
  "val_auroc": 0.90625
}