{
  "cv_auroc_mean": 0.7291666666666666,
  "cv_auroc_std": 0.22331545326436025,
  "dataset": "wikitext",
  "hidden_dim": 512,
  "layer": 3,
  "mlp_dim": 32,
  "model_size": "70m",
  "n_train": 201,
  "n_val": 50,
  "parameter_count": 17985,
  "step": 143000,
  "val_auroc": 0.9479166666666667
}