{
  "cv_auroc_mean": 0.7895833333333333,
  "cv_auroc_std": 0.1950338289744742,
  "dataset": "wikitext",
  "hidden_dim": 512,
  "layer": 4,
  "mlp_dim": 32,
  "model_size": "70m",
  "n_train": 201,
  "n_val": 50,
  "parameter_count": 17985,
  "step": 143000,
  "val_auroc": 1.0
}